名稱,分類,次分類,定位地址,回報地址,X坐標,Y座標,來源
梨山遊憩區,公共建設,觀光遊憩設施,臺中市和平區中正路91之2號,臺中市和平區梨山里24鄰中正路91之2號,275505.114,2683257.921,TGOS
大坑登山步道,公共建設,觀光遊憩設施,臺中市北屯區東山路一段383巷,臺中市北屯區和平里19鄰東山路一段383巷3號,222890.821,2674993.18,TGOS
后里馬場,公共建設,觀光遊憩設施,臺中市后里區寺山路41號,敦富路.南興北三路北側,223201.459,2688138.154,TGOS
臺中都會公園,公共建設,觀光遊憩設施,臺中市西屯區都會園路1215巷140號,臺中市西屯區林厝里11鄰都會園路1215巷140號,209011.833,2677868.585,TGOS
草悟道,公共建設,觀光遊憩設施,臺中市西區公益路68號,臺中市西區民龍里3鄰公益路68號,215841.166,2671817.872,TGOS
武陵農場,公共建設,觀光遊憩設施,臺中市和平區武陵路3之1號,臺中市和平區平等里5鄰武陵路3之1號,281272.577,2693405.662,TGOS
八仙山國家森林遊樂區,公共建設,觀光遊憩設施,臺中市和平區東關路一段200之8號,臺中市和平區博愛里2鄰東關路一段200之8號,251531.329,2676264.856,TGOS
麗寶樂園渡假村,公共建設,觀光遊憩設施,臺中市后里區福容路88號,臺中市后里區月眉里11鄰福容路88號,219215.181,2690896.83,TGOS
萬和宮,公共建設,觀光遊憩設施,臺中市南屯區萬和路一段51號,臺中市南屯區南屯里12鄰萬和路一段51號,213320.978,2670332.389,TGOS
大甲鎮瀾宮,公共建設,觀光遊憩設施,臺中市大甲區順天路158號,臺中市大甲區大甲里4鄰順天路158號,211808.019,2693321.345,TGOS
霧峰林家園區,公共建設,觀光遊憩設施,臺中市霧峰區民生路26號,臺中市霧峰區本堂里2鄰民生路26號,219575.526,2662011.279,TGOS
一中商圈,公共建設,觀光遊憩設施,臺中市北區一中街,臺中市北區一中街,218034.9683,2671710.876,Google
潭雅神綠園道,公共建設,觀光遊憩設施,臺中市神岡區,臺中市神岡區,218973.8557,2680858.638,Google
谷關遊憩區,公共建設,觀光遊憩設施,臺中市和平區中部橫貫公路172號,臺中市和平區中部橫貫公路172號,250281.9496,2677456.081,Google
國立自然科學博物館,公共建設,觀光遊憩設施,臺中市北區館前路1號,臺中市北區淡溝里30鄰館前路1號,216075.481,2672318.319,TGOS
福壽山農場,公共建設,觀光遊憩設施,臺中市和平區福壽路29號,臺中市和平區梨山里10鄰福壽路29號,274961.146,2682173.064,TGOS
梧棲觀光漁港,公共建設,觀光遊憩設施,臺中市清水區北堤路30號,臺中市清水區海濱里14鄰北堤路30號,201381.16,2687563.708,TGOS
國立臺灣美術館,公共建設,觀光遊憩設施,臺中市西區五權西路一段2號,臺中市西區土庫里3鄰五權西路一段2號,215808.402,2670737.955,TGOS
東豐自行車綠廊及后豐鐵馬道,公共建設,觀光遊憩設施,臺中市石岡區石城街1號,臺中市石岡區萬安里11鄰石城街1號,227534.59,2685609.256,TGOS
鐵砧山,公共建設,觀光遊憩設施,臺中市大甲區成功路221號,臺中市大甲區頂店里2鄰成功路221號,214490.32,2694847.486,TGOS
大雪山國家森林遊樂區,公共建設,觀光遊憩設施,臺中市和平區雪山路18號,臺中市和平區博愛里3鄰雪山路18號,250831.06,2683300.265,TGOS
東勢林場遊樂區,公共建設,觀光遊憩設施,臺中市東勢區勢林街6之1號,臺中市東勢區東新里9鄰勢林街6之1號,237011.97,2686341.358,TGOS
臺中公園,公共建設,觀光遊憩設施,臺中市北區雙十路一段65號,臺中市北區雙十路一段65號,218058.1726,2671058.904,TGOS
高美濕地,公共建設,觀光遊憩設施,臺中市清水區美堤街8號,臺中市清水區高南里8鄰美堤街8號,204078.045,2688877.356,TGOS
臺中國家歌劇院,公共建設,觀光遊憩設施,臺中市西屯區惠來路二段101號,臺中市西屯區惠來里12鄰惠來路二段101號,213533.861,2673074.22,TGOS
逢甲夜市,公共建設,觀光遊憩設施,臺中市西屯區文華路,臺中市西屯區文華路,213980.0253,213980.0253,Google
南屯區-公有-廣兼停158停車場,公共建設,停車場地,,,213615.4077,2670397.153,Open data
南屯區-公有-南屯親子館附屬平面停車場,公共建設,停車場地,,,213747.4922,2670381.311,Open data
西區-衛福-衛生福利部臺中醫院停車場,公共建設,停車場地,,,217152.608,2670539.176,Open data
南屯區-民營-宜家家居台中店停車場,公共建設,停車場地,,,213780.7354,2671463.267,Open data
西屯區-民營-聯永物業股份有限公司台中二十五站停車場,公共建設,停車場地,,,215301.1275,2673985.72,Open data
大雅區-民營-雅潭站停車場,公共建設,停車場地,,,214360.0898,2679596.532,Open data
西區-民營-Times台中美村路停車場,公共建設,停車場地,,,215619.719,2671272.644,Open data
烏日區-民營-烏日二站停車場,公共建設,停車場地,,,210996.6945,2667948.725,Open data
豐原區-民營-南陽永康停車場,公共建設,停車場地,,,222164.8995,2681824.007,Open data
北屯區-民營-太順二停車場,公共建設,停車場地,,,221984.5097,2672746.075,Open data
西屯區-民營-Times台中甘肅成都停車場,公共建設,停車場地,,,215431.8503,2673422.783,Open data
西屯區-民營-市政星停車場,公共建設,停車場地,,,212910.4366,2672879.807,Open data
北區-民營-金逢源開發股份有限公司漢口停車場,公共建設,停車場地,,,217088.4386,2673553.97,Open data
西區-民營-Times台中自治街停車場,公共建設,停車場地,,,216562.8324,2670409.862,Open data
西屯區-民營-聯永物業股份有限公司台中二十六站停車場,公共建設,停車場地,,,215605.9811,2673997.162,Open data
西屯區-民營-全善停車場,公共建設,停車場地,,,213707.4439,2674602.156,Open data
西屯區-民營-Times台中文心一路停車場,公共建設,停車場地,,,213630.1756,2672199.041,Open data
南區-公有-忠明南路地下道上方機車停車場,公共建設,停車場地,,,216720.365,2668234.347,Open data
西屯區-民營-吳駿麒停車場,公共建設,停車場地,,,211961.1176,2675077.419,Open data
西屯區-民營-Times優衣庫台中福科路店停車場,公共建設,停車場地,,,212002.0835,2675199.136,Open data
東區-民營-季豐富停車場,公共建設,停車場地,,,219966.3871,2669850.739,Open data
后里區-公所-停六停車場,公共建設,停車場地,,,221043.05,2689410.588,Open data
西區-文化局-臺中市大墩文化中心平面停車場,公共建設,停車場地,,,216025.0629,2670783.259,Open data
西區-公有-地政處旁設有民眾洽公免費停車場,公共建設,停車場地,,,216806.19,2670167.856,Open data
西區-公有-中興地政事務所旁平面停車場,公共建設,停車場地,,,214788.3662,2672079.839,Open data
西區-國稅局-國稅局模範來賓停車場,公共建設,停車場地,,,216127.9534,2671312.404,Open data
西區-公有-中區國稅署民生來賓停車場,公共建設,停車場地,,,216218.808,2671055.245,Open data
大里區-公所-大里區公所辦公廳舍附屬停車場,公共建設,停車場地,,,217345.6812,2666089.879,Open data
神岡區-公所-神岡區公所前廣場停車場,公共建設,停車場地,,,215629.2784,2683611.503,Open data
神岡區-公所-停一停車場,公共建設,停車場地,,,219289.6159,2685876.842,Open data
神岡區-公所-停二停車場,公共建設,停車場地,,,220497.6669,2685842.153,Open data
神岡區-公所-停三停車場,公共建設,停車場地,,,220680.4032,2685839.558,Open data
神岡區-公所-停四停車場,公共建設,停車場地,,,220030.3832,2685711.339,Open data
大安區-公有-北園停車場(大安濱海樂園),公共建設,停車場地,,,208024.8212,2697570.481,Open data
大安區-公有-南園停車場(大安濱海樂園),公共建設,停車場地,,,207992.8198,2697044.488,Open data
北屯區-民營-津達停車場,公共建設,停車場地,,,218454.1176,2675394.884,Open data
北區-民營-高苑立體停車場,公共建設,停車場地,,,217062.5916,2671167.342,Open data
西區-民營-Times台中忠明南路停車場,公共建設,停車場地,,,215164.2933,2672049.011,Open data
豐原區-民營-台灣聯通台中豐原建成停車場,公共建設,停車場地,,,220126.2325,2683022.067,Open data
北屯區-民營-東利遊覽車停車場,公共建設,停車場地,,,221797.3076,2675704.603,Open data
南屯區-民營-媽媽咪亞陽光館產後護理之家停車場,公共建設,停車場地,,,212287.8595,2671855.883,Open data
南屯區-民營-寶雅嶺東店停車場,公共建設,停車場地,,,210436.2319,2671113.335,Open data
西區-民營-民權停車場,公共建設,停車場地,,,216484.4018,2671631.631,Open data
太平區-民營-育賢停車場,公共建設,停車場地,,,221801.0909,2672489.496,Open data
北屯區-民營-午資開發股份有限公司停車場,公共建設,停車場地,,,218112.9597,2677299.465,Open data
清水區-建設局-公69停車場,公共建設,停車場地,,,203365.6144,2687429.961,Open data
清水區-建設局-公68停車場,公共建設,停車場地,,,203967.3216,2688281.91,Open data
北屯區-臺鐵-松竹火車站附設停車場,公共建設,停車場地,,,219682.2043,2674808.551,Open data
豐原區-臺鐵-豐原火車站附設停車場,公共建設,停車場地,,,222035.9566,2683381.435,Open data
潭子區-臺鐵-潭子火車站附設停車場,公共建設,停車場地,,,220116.6535,2678476.826,Open data
潭子區-臺鐵-頭家厝火車站附設停車場,公共建設,停車場地,,,219919.9407,2676721.829,Open data
潭子區-臺鐵-栗林火車站附設停車場,公共建設,停車場地,,,220619.8113,2681100.593,Open data
東區-臺鐵-精武車站附設停車場,公共建設,停車場地,,,219289.5104,2671749.342,Open data
南區-臺鐵-五權車站附設停車場,公共建設,停車場地,,,215848.5433,2669220.984,Open data
南區-臺鐵-大慶車站附設停車場,公共建設,停車場地,,,214189.2892,2668234.944,Open data
后里區-臺鐵-后里車站建築物附設停車場,公共建設,停車場地,,,222879.9374,2689298.404,Open data
中區-臺鐵-臺中車站建築物附設停車場,公共建設,停車場地,,,218097.3806,2670354.288,Open data
東區-民營-Times台中精武路停車場,公共建設,停車場地,,,219136.0781,2671290.058,Open data
北屯區-民營-美福停車場,公共建設,停車場地,,,218257.9336,2673985.456,Open data
西屯區-民營-J Mall停車場,公共建設,停車場地,,,210915.5941,2675430.233,Open data
東勢區-民營-巨鼎停車場,公共建設,停車場地,,,232556.6182,2684271.622,Open data
西屯區-民營-順天環匯停車場,公共建設,停車場地,,,213015.4979,2674204.125,Open data
南區-民營-新大慶停車場,公共建設,停車場地,,,215234.9521,2667689.676,Open data
北屯區-民營-車聚停車場,公共建設,停車場地,,,220556.6312,2675121.246,Open data
西屯區-民營-星安停車場,公共建設,停車場地,,,213901.9933,2675193.076,Open data
北屯區-民營-景和停車場,公共建設,停車場地,,,220939.1325,2673370.593,Open data
北屯區-民營-Times台中九龍東街停車場,公共建設,停車場地,,,219150.7941,2673389.865,Open data
北屯區-民營-台灣聯通台中崇美停車場,公共建設,停車場地,,,218201.3974,2675964.71,Open data
南屯區-民營-永泰豐停車場,公共建設,停車場地,,,212639.8127,2670434.012,Open data
豐原區-民營-Times台中豐原向陽博愛停車場,公共建設,停車場地,,,221750.7758,2682946.745,Open data
烏日區-民營-助安168台中高鐵停車場,公共建設,停車場地,,,211006.9626,2667986.352,Open data
豐原區-衛福-衛生福利部豐原醫院附設停車場,公共建設,停車場地,,,222083.9922,2681993.617,Open data
西屯區-中科-中科台中園區停9停車場,公共建設,停車場地,,,211147.1591,2678371.183,Open data
西屯區-民營-新遠停車場,公共建設,停車場地,,,213774.9183,2673169.964,Open data
豐原區-公有-育英路立體停車場,公共建設,停車場地,,,221017.1258,2681707.804,Open data
后里區-公所-后里車站東站停車場,公共建設,停車場地,,,223103.3188,2689343.386,Open data
南屯區-民營-宜盈資產管理有限公司龍五停車場,公共建設,停車場地,,,212488.544,2670882.954,Open data
西屯區-民營-福華第二停車場,公共建設,停車場地,,,211727.32,2675034.853,Open data
豐原區-臺鐵-豐原車站法定停車場,公共建設,停車場地,,,221964.8587,2683371.608,Open data
北區-中科大-中技大樓停車場,公共建設,停車場地,,,217846.7711,2671893.183,Open data
北區-中科大-中商大樓停車場,公共建設,停車場地,,,217856.2379,2671585.273,Open data
東區-民營-站前秀泰S1地下停車場,公共建設,停車場地,,,218514.6544,2670613.624,Open data
北區-民營-Times台中育強街停車場,公共建設,停車場地,,,218803.7296,2672668.525,Open data
北屯區-民營-中興游泳池附設停車場,公共建設,停車場地,,,217100.773,2674493.113,Open data
西屯區-民營-城市車旅-玉門站停車場,公共建設,停車場地,,,210509.8141,2675651.752,Open data
北屯區-民營-大車河東山停車場,公共建設,停車場地,,,222160.8571,2674584.193,Open data
大里區-民營-大買家國光店停車場,公共建設,停車場地,,,217430.9715,2667822.928,Open data
東區-民營-城市車旅-新光市場站停車場,公共建設,停車場地,,,220507.1401,2670851.901,Open data
北屯區-公所-北屯區公所停車場,公共建設,停車場地,,,218138.9313,2675291.481,Open data
烏日區-臺鐵-臺灣鐵路新烏日車站地下停車場,公共建設,停車場地,,,210821.7199,2667160.656,Open data
大雅區-公所-三和公園附屬停車場,公共建設,停車場地,,,215992.9364,2678592.431,Open data
北屯區-民營-城市車旅-北屯站停車場,公共建設,停車場地,,,219396.6033,2674290.848,Open data
南屯區-民營-城市車旅-益文一站停車場,公共建設,停車場地,,,212914.7803,2670647.044,Open data
西區-民營-Times台中博館三街停車場,公共建設,停車場地,,,215856.0423,2672347.47,Open data
西區-民營-城市車旅-福人站停車場,公共建設,停車場地,,,215486.8005,2670941.82,Open data
西區-民營-Times台中健行路第2停車場,公共建設,停車場地,,,215693.5121,2672373.334,Open data
烏日區-民營-嘟嘟房高鐵台中站停車場,公共建設,停車場地,,,210934.3439,2667452.73,Open data
沙鹿區-民營-沙鹿中山路停車場,公共建設,停車場地,,,205358.7419,2682087.385,Open data
西屯區-民營-安心停車場,公共建設,停車場地,,,215780.7435,2674839.56,Open data
東區-民營-站前秀泰S2地下停車場,公共建設,停車場地,,,218717.9643,2670634.219,Open data
南區-民營-樹子腳停車場,公共建設,停車場地,,,214613.1067,2666981.294,Open data
西屯區-民營-青海停車場-2 停車場,公共建設,停車場地,,,213777.2572,2674088.089,Open data
西屯區-民營-Times優衣庫台中中清路店停車場,公共建設,停車場地,,,215196.3147,2676825.652,Open data
中區-民營-朝宏停車場,公共建設,停車場地,,,217184.0142,2670936.699,Open data
西屯區-民營-青海停車場-1停車場,公共建設,停車場地,,,213716.3831,2674123.685,Open data
南屯區-民營-Times台中大墩五街停車場,公共建設,停車場地,,,214175.3467,2670774.503,Open data
南屯區-民營-來來停車場,公共建設,停車場地,,,214675.5954,2671682.521,Open data
北區-民營-城市車旅-一中二站停車場,公共建設,停車場地,,,218120.4256,2671568.067,Open data
東區-民營-振興停車場,公共建設,停車場地,,,218483.1328,2670147.433,Open data
北屯區-民營-幸福森林停車場,公共建設,停車場地,,,222239.5536,2673259.459,Open data
北區-民營-榮華停車場,公共建設,停車場地,,,218153.6325,2672782.931,Open data
神岡區-民營-台灣聯通台中神岡停車場,公共建設,停車場地,,,215294.1097,2683575.772,Open data
大里區-民營-城市車旅-大里國光站停車場,公共建設,停車場地,,,217712.7253,2666554.195,Open data
東區-民營-城市車旅-十甲東路站停車場,公共建設,停車場地,,,220077.8971,2669712.066,Open data
烏日區-民營-烏日臻愛站停車場,公共建設,停車場地,,,210905.8004,2668164.939,Open data
沙鹿區-民營-臺鐵沙鹿火車站東站南側停車場,公共建設,停車場地,,,205010.7646,2681236.788,Open data
西屯區-民營-鼎峻停車場,公共建設,停車場地,,,211859.5794,2675100.949,Open data
西屯區-民營-福華第一停車場,公共建設,停車場地,,,211839.2266,2675088.821,Open data
西屯區-民營-城市車旅-家樂福西屯店停車場,公共建設,停車場地,,,210824.4184,2675525.731,Open data
南屯區-民營-采固遠見大樓地下停車場,公共建設,停車場地,,,214358.0248,2670671.046,Open data
沙鹿區-民營-臺鐵沙鹿火車站東站北側停車場,公共建設,停車場地,,,205092.4911,2681388.261,Open data
西屯區-運動局-臺中市朝馬國民運動中心停車場,公共建設,停車場地,,,212577.1665,2673664.803,Open data
大里區-民營-仁愛泉生醫療大樓地下停車場,公共建設,停車場地,,,217511.026,2667266.778,Open data
南屯區-民營-正德醫院地下停車場,公共建設,停車場地,,,212559.8892,2670960.292,Open data
北區-民營-Times台中福龍街停車場,公共建設,停車場地,,,217012.5014,2671479.776,Open data
南屯區-民營-Times台中文心南三路停車場,公共建設,停車場地,,,214538.8357,2669816.702,Open data
梧棲區-民營-安康B停車場,公共建設,停車場地,,,203765.1446,2682323.972,Open data
梧棲區-民營-安康A停車場,公共建設,停車場地,,,203744.8672,2682334.006,Open data
后里區-民營-城市車旅-麗寶賽車立體停車場,公共建設,停車場地,,,218009.9863,2690168.039,Open data
南屯區-民營-磐鈺雲華商業停車場,公共建設,停車場地,,,214401.259,2671703.14,Open data
太平區-民營-興平停車場,公共建設,停車場地,,,221464.8623,2672047.164,Open data
北屯區-民營-茂盛醫院停車場,公共建設,停車場地,,,218937.7186,2673532.09,Open data
西屯區-民營-澄清醫院中港分院停車場,公共建設,停車場地,,,211189.782,2675382.965,Open data
西區-民營-Times台中明義街停車場,公共建設,停車場地,,,215398.6242,2672295.415,Open data
西屯區-民營-日月千禧酒店停車場,公共建設,停車場地,,,213651.1081,2672437.104,Open data
大甲區-民營-中工管理顧問有限公司忠孝停車場,公共建設,停車場地,,,211464.6383,2694225.814,Open data
南區-民營-福田停車場,公共建設,停車場地,,,215212.9624,2667009.72,Open data
梧棲區-民營-台灣大道八段699號急診D停車場,公共建設,停車場地,,,203501.7191,2682508.686,Open data
豐原區-民營-豐原中山停車場,公共建設,停車場地,,,221039.6797,2682805.311,Open data
中區-民營-Times台中自由路停車場,公共建設,停車場地,,,217599.5944,2670451.766,Open data
南屯區-民營-Times台中大墩十一街停車場,公共建設,停車場地,,,214319.5374,2671535.002,Open data
西區-民營-城市車旅-台灣大道停車場,公共建設,停車場地,,,216231.378,2672069.696,Open data
北屯區-民營-台中水湳停車場,公共建設,停車場地,,,216420.2466,2674588.843,Open data
北區-民營-大買家北屯停車場,公共建設,停車場地,,,219468.2743,2674545.421,Open data
豐原區-民營-全聯豐原向陽停車場,公共建設,停車場地,,,222004.6495,2682953.994,Open data
西區-民營-城市車旅-五權西站停車場,公共建設,停車場地,,,215587.5282,2670568.345,Open data
西屯區-民營-城市車旅-福順站停車場,公共建設,停車場地,,,211951.0109,2675097.381,Open data
西區-民營-美宜停車場,公共建設,停車場地,,,215488.3123,2671565.346,Open data
北屯區-民營-秝隆停車場,公共建設,停車場地,,,222475.93,2674636.74,Open data
龍井區-民營-東海藝術街停車場,公共建設,停車場地,,,208519.2083,2675893.327,Open data
東區-民營-張詠臻停車場,公共建設,停車場地,,,218401.6355,2670062.336,Open data
太平區-民營-祥禎停車場,公共建設,停車場地,,,221484.5741,2671741.452,Open data
北屯區-民營-好鄰居停車場,公共建設,停車場地,,,220779.0936,2674606.902,Open data
南區-民營-大曜烏日停車場,公共建設,停車場地,,,213892.0099,2667250.011,Open data
大甲區-民營-Car in光明站停車場,公共建設,停車場地,,,211522.8265,2693239.939,Open data
西區-民營-Times台中美村路第2停車場,公共建設,停車場地,,,215682.7518,2672125.277,Open data
豐原區-民營-全聯豐原大豐停車場,公共建設,停車場地,,,219454.7998,2682444.265,Open data
梧棲區-民營-文華街C停車場,公共建設,停車場地,,,203714.9089,2682489.159,Open data
南屯區-民營-Times台中五權西路二段停車場,公共建設,停車場地,,,214195.2161,2670592.821,Open data
南屯區-民營-大墩食衣停車場,公共建設,停車場地,,,214400.9819,2671592.389,Open data
北區-民營-Times台中武昌路停車場,公共建設,停車場地,,,216580.8365,2673747.861,Open data
西屯區-民營-台灣聯通台中工一停車場,公共建設,停車場地,,,210678.9739,2674366.556,Open data
西區-民營-國泰世華地下停車場,公共建設,停車場地,,,215915.4383,2671689.465,Open data
西區-民營-國泰忠明地下停車場,公共建設,停車場地,,,215190.0462,2670113.016,Open data
梧棲區-民營-文華街B停車場,公共建設,停車場地,,,203724.872,2682430.427,Open data
北屯區-民營-大地水湳停車場,公共建設,停車場地,,,216664.633,2674817.524,Open data
南屯區-民營-Times台中大墩十一街停車場2,公共建設,停車場地,,,214350.0417,2671541.571,Open data
西區-民營-OSCAR 停車場ark 1停車場,公共建設,停車場地,,,215693.2291,2672255.938,Open data
西區-民營-Times台中民族路停車場,公共建設,停車場地,,,216636.0212,2671282.409,Open data
北區-民營-鉅海太原路停車場,公共建設,停車場地,,,216966.1015,2673380.374,Open data
北區-民營-台中中清營業所停車場,公共建設,停車場地,,,216693.0948,2673955.81,Open data
西屯區-民營-Times台中清隆巷停車場,公共建設,停車場地,,,213413.9105,2675037.056,Open data
西屯區-民營-永隆大遠百停車場,公共建設,停車場地,,,213825.6493,2673139.932,Open data
南屯區-民營-驛馬棧停車場,公共建設,停車場地,,,213935.0103,2672187.19,Open data
西區-民營-Times台中公益路停車場,公共建設,停車場地,,,215224.9444,2671917.068,Open data
西區-公有-萬壽棒球場平面停車場,公共建設,停車場地,,,214430.5949,2671242.341,Open data
南屯區-BOT-迪卡儂大墩南停車場,公共建設,停車場地,,,214416.4857,2669663.064,Open data
大雅區-中科-中科管理局地下停車場,公共建設,停車場地,,,211248.2674,2678199.24,Open data
西屯區-榮總-臺中榮民總醫院附設停車場,公共建設,停車場地,,,209971.4364,2675683.162,Open data
北區-體大-教學大樓地下停車場,公共建設,停車場地,,,218262.6736,2671555.566,Open data
北區-生管-五義停車場,公共建設,停車場地,,,217878.1079,2672269.666,Open data
南屯區-經發局-臺中市小康公有零售市場附屬停車場,公共建設,停車場地,,,212420.5814,2672087.003,Open data
烏日區-中捷-捷運九德站轉乘停車場,公共建設,停車場地,,,212804.5736,2667362.45,Open data
烏日區-中捷-捷運烏日站轉乘停車場,公共建設,停車場地,,,211919.7264,2667198.659,Open data
南區-運動局-長春國民暨兒童運動中心附設汽車停車場,公共建設,停車場地,,,217526.4866,2669590.291,Open data
潭子區-民營-台灣聯通潭子勝利停車場,公共建設,停車場地,,,219507.2478,2678500.273,Open data
南區-民營-千代田停車場,公共建設,停車場地,,,216946.7341,2669415.53,Open data
烏日區-民營-城市車旅-高鐵五路站停車場,公共建設,停車場地,,,210945.9476,2667977.659,Open data
西屯區-民營-博客停車場開發股份有限公司藏壽司福科場停車場,公共建設,停車場地,,,212052.7651,2675154.7,Open data
南屯區-民營-豐富停車場,公共建設,停車場地,,,214254.5415,2669933.702,Open data
北屯區-民營-博客停車場開發股份有限公司藏壽司中清場停車場,公共建設,停車場地,,,215772.8162,2675766.57,Open data
東區-民營-南京租賃-南京路停車場,公共建設,停車場地,,,218270.6787,2670587.585,Open data
東區-民營-南京租賃-大智北路停車場,公共建設,停車場地,,,218250.293,2670561.051,Open data
西屯區-民營-傑生停車場(第二場),公共建設,停車場地,,,213749.9471,2675331.903,Open data
南區-民營-城市車旅-復興站停車場,公共建設,停車場地,,,215704.8023,2668622.167,Open data
西屯區-民營-愛買水湳停車場,公共建設,停車場地,,,215347.4668,2676321.361,Open data
北屯區-民營-嘟嘟房台中崇德五路站停車場,公共建設,停車場地,,,217741.7142,2674859.339,Open data
西屯區-民營-好停車場(第二場),公共建設,停車場地,,,213770.0974,2675265.4,Open data
西屯區-民營-傑生停車場(第一場),公共建設,停車場地,,,213841.3943,2675334.992,Open data
中區-民營-Times台中綠川東街停車場,公共建設,停車場地,,,217690.4611,2670185.757,Open data
南區-民營-明通下橋子停車場,公共建設,停車場地,,,215837.2558,2668752.535,Open data
南區-民營-南文心停車場,公共建設,停車場地,,,215163.4891,2667564.702,Open data
東區-民營-Times台中振興路停車場,公共建設,停車場地,,,218493.2939,2670146.303,Open data
西屯區-民營-Times壽司郎台中福科路店停車場,公共建設,停車場地,,,213149.4328,2674915.912,Open data
西屯區-民營-Times台中文心路停車場,公共建設,停車場地,,,214578.0825,2673334.068,Open data
北屯區-民營-Times思夢樂台中北屯路店停車場,公共建設,停車場地,,,219365.8424,2674161.335,Open data
南屯區-民營-Times壽司郎台中黎明市政南店停車場,公共建設,停車場地,,,212777.6574,2672620.995,Open data
西區-民營-Times台中大和路停車場,公共建設,停車場地,,,216393.086,2671693.867,Open data
北區-民營-台中國軍總醫院中清停車場,公共建設,停車場地,,,216701.2277,2673089.716,Open data
北屯區-民營-好市多北台中店停車場,公共建設,停車場地,,,220304.1579,2675851.623,Open data
南屯區-民營-Times思夢樂台中五權西路店停車場,公共建設,停車場地,,,213088.1004,2670857.021,Open data
太平區-民營-Times台中太平東平路停車場,公共建設,停車場地,,,222009.5307,2669967.295,Open data
南屯區-民營-豐邑文心停車場,公共建設,停車場地,,,214080.8926,2669590.81,Open data
北屯區-民營-城市車旅-敦富站停車場,公共建設,停車場地,,,220141.1112,2675616.064,Open data
西屯區-民營-福星北二停車場,公共建設,停車場地,,,213922.8615,2675408.989,Open data
西屯區-民營-聯永物業股份有限公司台中三十站停車場,公共建設,停車場地,,,214316.2936,2674292.725,Open data
北屯區-民營-城市車旅-東山站地下停車場,公共建設,停車場地,,,219680.0903,2673817.333,Open data
中區-民營-新長越公園路停車場,公共建設,停車場地,,,217449.1655,2671335.901,Open data
烏日區-民營-五都停車場烏日啤酒站停車場,公共建設,停車場地,,,211077.2083,2667652.799,Open data
南屯區-民營-林億停車場,公共建設,停車場地,,,213405.0971,2671611.528,Open data
南區-民營-富宇擎山室內停車場,公共建設,停車場地,,,215418.8436,2668066.889,Open data
北屯區-民營-城市車旅-北屯軍福站停車場,公共建設,停車場地,,,221682.8497,2674348.13,Open data
北區-民營-城市車旅-雙十站停車場,公共建設,停車場地,,,218109.8041,2671363.201,Open data
潭子區-民營-城市車旅-慈濟醫院地下停車場,公共建設,停車場地,,,221687.5242,2676693.83,Open data
太平區-民營-長安醫院地下停車場,公共建設,停車場地,,,221531.0635,2669579.509,Open data
南區-民營-洪運停車場,公共建設,停車場地,,,215297.1545,2668186.796,Open data
沙鹿區-民營-第二醫療停車場,公共建設,停車場地,,,205102.0398,2681196.627,Open data
龍井區-民營-Times台中東海夜市2停車場,公共建設,停車場地,,,208425.3003,2675048.559,Open data
西區-民營-Times台中五權六街停車場,公共建設,停車場地,,,215657.6078,2670127.386,Open data
大雅區-民營-聯永物業股份有限公司台中二十九站停車場,公共建設,停車場地,,,216116.1568,2679149.22,Open data
北區-公有-中央市場停車場,公共建設,停車場地,,,217033.1318,2671611.522,Open data
北區-民營-城市車旅-學士站停車場,公共建設,停車場地,,,217564.7775,2673012.409,Open data
東區-民營-城市車旅-自由文化停車場,公共建設,停車場地,,,219114.8517,2670874.789,Open data
北屯區-民營-城市車旅-文心二站停車場,公共建設,停車場地,,,218309.009,2674107.168,Open data
中區-民營-華中停車場,公共建設,停車場地,,,217093.0288,2671145.121,Open data
南區-民營-城市車旅-南平站停車場,公共建設,停車場地,,,216346.0711,2669000.514,Open data
大里區-民營-城市車旅-大里慈善站停車場,公共建設,停車場地,,,218960.3442,2665260.078,Open data
南屯區-民營-聯永物業股份有限公司台中三十七站停車場,公共建設,停車場地,,,213030.5456,2672175.114,Open data
東區-民營-台中練武營業所停車場,公共建設,停車場地,,,218250.3004,2670564.373,Open data
南屯區-民營-佛教正德醫院停車場,公共建設,停車場地,,,212641.2164,2670968.938,Open data
南屯區-民營-Times台中向心南路停車場,公共建設,停車場地,,,213706.6777,2670318.287,Open data
北屯區-民營-北屯崇德營業所停車場,公共建設,停車場地,,,218066.797,2674839.777,Open data
南區-民營-中山醫學大學誠愛樓停車場,公共建設,停車場地,,,214606.8568,2668558.401,Open data
西屯區-民營-聯永物業股份有限公司台中二十七站停車場,公共建設,停車場地,,,213603.759,2673789.503,Open data
東區-民營-振新停車場,公共建設,停車場地,,,220097.797,2669508.243,Open data
西屯區-民營-華廈停車場,公共建設,停車場地,,,213820.8913,2675263.056,Open data
西屯區-民營-逢田停車場,公共建設,停車場地,,,213902.4209,2675361.417,Open data
南屯區-民營-坤章南屯停車場,公共建設,停車場地,,,214031.8322,2670287.559,Open data
西區-民營-Times台中大和路第2停車場,公共建設,停車場地,,,216393.0808,2671691.652,Open data
西屯區-民營-城市車旅-西安站停車場,公共建設,停車場地,,,214461.123,2675324.568,Open data
大雅區-公所-停一立體停車場,公共建設,停車場地,,,214167.7737,2679859.5,Open data
霧峰區-公所-本堂公園地下停車場,公共建設,停車場地,,,219501.9128,2661770.293,Open data
豐原區-公所-博愛重劃區停車場11,公共建設,停車場地,,,221740.195,2682733.014,Open data
豐原區-公所-博愛重劃區停車場3、5,公共建設,停車場地,,,221750.5063,2682811.628,Open data
西屯區-公有(捷運市政府站)-臺灣大道市政大樓附屬平面停車場,公共建設,停車場地,,,213988.1703,2673115.154,Open data
西區-公有-柳川停車場上方平面層,公共建設,停車場地,,,216644.7982,2670690.977,Open data
西區-公有-(無名稱)公有免費停車場機車,公共建設,停車場地,,,215781.9661,2671123.847,Open data
南區-公有-(未命名)停車場,公共建設,停車場地,,,216353.647,2667904.063,Open data
西屯區-公有-(停122)停車場,公共建設,停車場地,,,211279.4734,2674741.465,Open data
南屯區-公有-(停166)嶺東科技大學寶文校區校門右側停車場,公共建設,停車場地,,,209559.3879,2670117.925,Open data
太平區-公有-環太東路301號旁停車場,公共建設,停車場地,,,222196.2874,2671918.352,Open data
清水區-公有-(細停市6)頂寮北停車場,公共建設,停車場地,,,203436.4659,2684282.078,Open data
大甲區-公所-甲后停車場,公共建設,停車場地,,,212263.6367,2693266.733,Open data
大雅區-公所-未取名停車場,公共建設,停車場地,,,211825.0504,2681149.238,Open data
大里區-民營-城市車旅-大里站停車場,公共建設,停車場地,,,218027.7524,2666499.217,Open data
東區-經發局-建國市場附屬停車場,公共建設,停車場地,,,219000.925,2669894.892,Open data
西區-民營-Times台中五權七街停車場,公共建設,停車場地,,,215667.3255,2669942.409,Open data
西區-民營-順良美村停車場,公共建設,停車場地,,,215630.0395,2671337.963,Open data
太平區-民營-Times台中太平新興一街停車場,公共建設,停車場地,,,220694.1067,2672809.588,Open data
后里區-民營-麗寶OUTLET MALL B區停車場,公共建設,停車場地,,,219341.0175,2690850.65,Open data
北屯區-民營-城市車旅-大連站停車場,公共建設,停車場地,,,217466.7891,2674597.485,Open data
潭子區-運動局-臺中市潭子國民暨兒童運動中心地上一層及地下一層停車場,公共建設,停車場地,,,219730.3947,2678350.28,Open data
大里區-公有-臺中市大里國民暨兒童運動中心停車場,公共建設,停車場地,,,217905.0636,2666190.5,Open data
西屯區-公有-中科台中園區停6停車場,公共建設,停車場地,,,210292.0215,2677697.959,Open data
大雅區-公有-中科台中園區停1停車場,公共建設,停車場地,,,212237.3909,2679629.713,Open data
大雅區-公有-中科台中園區停2停車場,公共建設,停車場地,,,212176.1341,2679511.371,Open data
大雅區-公有-中科台中園區停8停車場,公共建設,停車場地,,,211746.4427,2678361.803,Open data
西屯區-民營-台中米平方停車場,公共建設,停車場地,,,210593.2328,2676423.465,Open data
西屯區-民營-台中米平方二場停車場,公共建設,停車場地,,,210592.9593,2676324.896,Open data
豐原區-民營-城市車旅-豐原三民站停車場,公共建設,停車場地,,,221659.7368,2683121.915,Open data
南屯區-民營-車堡寶實業股份有限公司大墩場停車場,公共建設,停車場地,,,214391.5953,2671902.517,Open data
西屯區-民營-城市車旅-長安站停車場,公共建設,停車場地,,,215443.7449,2674135.994,Open data
北屯區-民營-城市車旅-松竹站停車場,公共建設,停車場地,,,219855.914,2675273.337,Open data
后里區-民營-麗寶樂園第一停車場,公共建設,停車場地,,,219584.9391,2691014.037,Open data
大里區-民營-城市車旅-大里益民站停車場,公共建設,停車場地,,,218802.0156,2667246.175,Open data
南屯區-民營-台灣聯通台中大昌停車場,公共建設,停車場地,,,214644.9402,2671615.039,Open data
西區-民營-城市車旅-五權西一站停車場,公共建設,停車場地,,,216737.8037,2671348.621,Open data
北區-民營-吉拾停車場忠明場停車場,公共建設,停車場地,,,216640.35,2673128.621,Open data
西屯區-民營-城市車旅-家樂福中清店停車場,公共建設,停車場地,,,214731.8339,2677963.114,Open data
北屯區-中捷-捷運松竹站轉乘停車場,公共建設,停車場地,,,219672.6302,2675083.235,Open data
西屯區-中捷-捷運市政府站轉乘停車場,公共建設,停車場地,,,214323.1644,2672981.408,Open data
烏日區-中捷-捷運九張犁站轉乘停車場,公共建設,停車場地,,,213405.2908,2667730.804,Open data
東勢區-公有-東勢客家文化園區停車場,公共建設,停車場地,,,232890.6529,2683422.859,Open data
西屯區-公有-臺中都會公園停車場,公共建設,停車場地,,,209245.9653,2677783.988,Open data
南區-民營-城市車旅-復興北站停車場,公共建設,停車場地,,,214310.0315,2667740.692,Open data
南屯區-民營-城市車旅-家樂福台中站停車場,公共建設,停車場地,,,214016.0803,2672097.276,Open data
潭子區-民營-城市車旅-熊立方站停車場,公共建設,停車場地,,,220290.5285,2679047.94,Open data
大甲區-民營-大甲文武仁愛停車場,公共建設,停車場地,,,211361.6999,2693687.828,Open data
北區-民營-城市車旅-五權西二站停車場,公共建設,停車場地,,,217257.1779,2671815.894,Open data
后里區-民營-城市車旅-麗寶OUTLET MALL C區停車場,公共建設,停車場地,,,219920.2476,2691203.815,Open data
西屯區-民營-168停車聯盟-台中黎明場停車場,公共建設,停車場地,,,212881.1454,2673337.288,Open data
南屯區-民營-車停車場永春東七站停車場,公共建設,停車場地,,,212714.1879,2671667.589,Open data
北屯區-民營-一德洋樓停車場,公共建設,停車場地,,,218775.1726,2673546.843,Open data
西屯區-民營-乙登停車場,公共建設,停車場地,,,213902.4181,2675360.31,Open data
東區-民營-一中停車場,公共建設,停車場地,,,218251.7453,2671212.263,Open data
烏日區-民營-城市車旅-高鐵五路二站停車場,公共建設,停車場地,,,211067.7537,2667913.09,Open data
西屯區-民營-城市車旅-福吉站停車場,公共建設,停車場地,,,213486.1608,2675476.556,Open data
大雅區-民營-Times台中大雅中山北路停車場,公共建設,停車場地,,,213873.514,2679970.999,Open data
霧峰區-民營-城市車旅-亞洲大學附屬醫院停車場,公共建設,停車場地,,,218086.6234,2660998.136,Open data
北屯區-民營-城市車旅-和祥六站停車場,公共建設,停車場地,,,222272.262,2674400.129,Open data
南區-民營-愛買復興立體停車場,公共建設,停車場地,,,214828.5613,2667780.381,Open data
西區-民營-城市車旅-英才站停車場,公共建設,停車場地,,,216096.1122,2670744.326,Open data
西屯區-公有-創研段22地號停車場,公共建設,停車場地,,,215363.706,2674647.862,Open data
西屯區-公有-創研段26地號停車場,公共建設,停車場地,,,215292.8488,2674756.571,Open data
北屯區-民營-城市車旅南興一站停車場,公共建設,停車場地,,,219772.3247,2674187.045,Open data
北區-民營-忠太西停車場,公共建設,停車場地,,,216182.3468,2672818.491,Open data
西屯區-民營-奎溢停車場,公共建設,停車場地,,,213890.9019,2674826.515,Open data
西屯區-民營-日日勝停車場,公共建設,停車場地,,,211676.1313,2674891.013,Open data
東區--民營-天賞實業股份有限公司停車場,公共建設,停車場地,,,218923.3119,2671588.441,Open data
北屯區-民營-城市車旅北屯迪卡儂站停車場,公共建設,停車場地,,,215520.0565,2676273.318,Open data
西屯區-民營-福展停車場,公共建設,停車場地,,,211148.7187,2675228.024,Open data
北屯區-民營-Times台中松安街停車場,公共建設,停車場地,,,218910.7766,2675151.332,Open data
南區-公有-城隍機車停車場,公共建設,停車場地,,,217688.7677,2669439.301,Open data
南屯區-民營-車停車場三厝站停車場,公共建設,停車場地,,,212836.0018,2671615.217,Open data
東區-民營-新長越忠孝路停車場,公共建設,停車場地,,,218044.8566,2669593.548,Open data
西區-民營-國美天藏停車場,公共建設,停車場地,,,215446.7427,2671186.677,Open data
西區-民營-台灣聯通台中土庫停車場,公共建設,停車場地,,,215151.2894,2670888.369,Open data
南屯區-民營-蕃薯停車場,公共建設,停車場地,,,212001.2794,2671094.674,Open data
南區-民營-有恆復興停車場,公共建設,停車場地,,,217018.2646,2669580.383,Open data
清水區-民營-清水區農會停車場,公共建設,停車場地,,,206889.7043,2684611.156,Open data
后里區-養工處-后里森林公園停車場,公共建設,停車場地,,,222544.5773,2689084.192,Open data
大甲區-民營-台灣聯通台中大甲停車場,公共建設,停車場地,,,211271.131,2693961.64,Open data
北屯區-民營-Times台中松竹五路二段停車場,公共建設,停車場地,,,220829.9588,2674637.808,Open data
中區-民營-台中平等停車場,公共建設,停車場地,,,217335.5211,2670527.68,Open data
南屯區-公有-埔興段903-1地號,公共建設,停車場地,,,211921.2616,2667773.453,Open data
南屯區-公有-埔興段905地號,公共建設,停車場地,,,211900.9755,2667790.12,Open data
北區-公有-體育館前停車場,公共建設,停車場地,,,218232.2058,2671564.494,Open data
大甲區-民營-城市車旅大甲民生站停車場,公共建設,停車場地,,,212112.0208,2693486.434,Open data
北屯區-民營-中國醫藥大學水湳校區停車場,公共建設,停車場地,,,215577.5638,2674850.018,Open data
西屯區-民營-福順五站停車場,公共建設,停車場地,,,212072.7688,2675036.142,Open data
西屯區-民營-市政路183停車場,公共建設,停車場地,,,213458.7057,2672700.078,Open data
東區-公有-建國市場附屬停車場平面卸貨停車區,公共建設,停車場地,,,218939.868,2669860.693,Open data
霧峰區-公有-立法院民主議政園區停車場,公共建設,停車場地,,,219277.3057,2661362.108,Open data
烏日區-民營-五都新幹線停車場,公共建設,停車場地,,,211036.562,2667658.448,Open data
北屯區-民營-城市車旅-南興二站停車場,公共建設,停車場地,,,219957.8263,2675421.528,Open data
西屯區-私人-鑫大鵬停車場,公共建設,停車場地,,,215882.2763,2674810.52,Open data
后里區-民營-平安停車場,公共建設,停車場地,,,220960.482,2688744.025,Open data
西屯區-民營-Times台中四川一街停車場,公共建設,停車場地,,,214639.0089,2673317.304,Open data
西屯區-民營-博客停車場開發股份有限公司藏壽司惠文場停車場,公共建設,停車場地,,,213792.9805,2672281.69,Open data
西屯區-公有-逢甲停車場,公共建設,停車場地,,,214092.1703,2674059.603,Open data
西屯區-民營-逢甲文華停車場,公共建設,停車場地,,,213859.7623,2674567.435,Open data
西屯區-民營-台灣聯通台中逢甲星停車場,公共建設,停車場地,,,213770.5012,2675423.774,Open data
西屯區-民營-台灣聯通台中逢甲停車場,公共建設,停車場地,,,213575.5123,2674662.299,Open data
西屯區-民營-逢甲上石停車場,公共建設,停車場地,,,213808.6445,2674443.523,Open data
西屯區-民營-逢甲大學停車場,公共建設,停車場地,,,214124.5896,2674827.031,Open data
西屯區-公有-惠中停車場(A區),公共建設,停車場地,,,214141.3179,2673402.721,Open data
西屯區-公有-惠中停車場(B區),公共建設,停車場地,,,214110.8203,2673397.26,Open data
北屯區-公有-舊社站備援行控大樓停車場,公共建設,停車場地,,,220256.2091,2677211.75,Open data
東區-民營-城市車旅-德興一站停車場,公共建設,停車場地,,,220404.686,2670455.627,Open data
豐原區-民營-博愛停車場,公共建設,停車場地,,,221720.1978,2682889.215,Open data
西屯區-民營-福悠一場停車場,公共建設,停車場地,,,214316.1518,2674236.241,Open data
南區-民營-臺木興大停車場,公共建設,停車場地,,,217585.54,2668741.806,Open data
烏日區-民營-台中烏日停車場,公共建設,停車場地,,,211189.4343,2667802.007,Open data
潭子區-民營-泊酷潭子第一停車場,公共建設,停車場地,,,219690.6583,2678769.007,Open data
豐原區-民營-豐洋興業股份有限公司豐原分公司附設地下停車場,公共建設,停車場地,,,221395.1793,2682851.104,Open data
西區-民營-Times台中模範街停車場,公共建設,停車場地,,,216087.8514,2671542.862,Open data
西區-民營-城市車旅-西屯站停車場,公共建設,停車場地,,,216465.2774,2672141.131,Open data
南區-民營-四川停車場,公共建設,停車場地,,,214995.0059,2669327.162,Open data
西屯區-民營-好停車場(第三場),公共建設,停車場地,,,213739.9964,2675413.884,Open data
北屯區-民營-Times台中建和路二段停車場,公共建設,停車場地,,,221967.0902,2674219.096,Open data
豐原區-公有-豐原轉運中心停車場,公共建設,停車場地,,,222015.3947,2683253.003,Open data
和平區-公有-谷關多目標使用立體停車場,公共建設,停車場地,,,250568.8558,2677500.675,Open data
南區-公有-崇倫北街19巷停車場,公共建設,停車場地,,,215077.6332,2669862.994,Open data
豐原區-民營-城市車旅-豐原新生站停車場,公共建設,停車場地,,,221608.8081,2683043.383,Open data
西屯區-民營-城市車旅-福星北二站停車場,公共建設,停車場地,,,213750.1562,2675413.858,Open data
北屯區-民營-城市車旅-后庄北站停車場,公共建設,停車場地,,,216251.8269,2676402.247,Open data
北屯區-民營-松五停車場,公共建設,停車場地,,,220870.6136,2674644.369,Open data
北屯區-公有-平德停車場,公共建設,停車場地,,,216534.1336,2675490.093,Open data
北屯區-公有-大坑地震公園機車停車場,公共建設,停車場地,,,222943.4674,2674722.228,Open data
北屯區-民營-大地商場一站停車場,公共建設,停車場地,,,220201.5555,2675371.177,Open data
北屯區-民營-嘟嘟房台中崇德站停車場,公共建設,停車場地,,,218034.5458,2674052.407,Open data
烏日區-公有-廣停二停車場,公共建設,停車場地,,,210220.9754,2666815.667,Open data
烏日區-公有-廣停三停車場,公共建設,停車場地,,,209652.1949,2666998.898,Open data
豐原區-建設局-葫蘆墩公園第五區停車場,公共建設,停車場地,,,174381.813,2683495.905,Open data
南區-民營-方舟停車場,公共建設,停車場地,,,217425.4248,2669843.033,Open data
大甲區-民營-大甲中山站停車場,公共建設,停車場地,,,212131.7375,2693271.517,Open data
南屯區-民營-茗莉停車場,公共建設,停車場地,,,214534.9441,2672334.089,Open data
南屯區-民營-協弘停車場,公共建設,停車場地,,,210006.7489,2670174.253,Open data
大甲區-公所-孟春停車場,公共建設,停車場地,,,215003.3274,2697345.4,Open data
大甲區-公所-大甲區停一停車場,公共建設,停車場地,,,212073.647,2694309.443,Open data
大甲區-公所-大甲區停二停車場,公共建設,停車場地,,,212587.9883,2693132.964,Open data
大甲區-公所-黎明停車場,公共建設,停車場地,,,214893.6212,2698098.805,Open data
大肚區-公所-廣停二停車場,公共建設,停車場地,,,203742.4539,2672238.827,Open data
大肚區-公所-停五停車場,公共建設,停車場地,,,203315.3338,2672146.082,Open data
大肚區-公所-廣停六停車場,公共建設,停車場地,,,203641.8643,2672555.907,Open data
大雅區-公有-大雅永興停車場,公共建設,停車場地,,,214218.9899,2680031.037,Open data
大雅區-公有-大雅區停二停車場,公共建設,停車場地,,,214411.6241,2679895.435,Open data
大雅區-公有-歡喜停車場,公共建設,停車場地,,,212658.4807,2681398.427,Open data
中區-公有-自由一期立體停車場(1F-6F),公共建設,停車場地,,,217966.3855,2670856.284,Open data
北區-公有-永興停車場,公共建設,停車場地,,,217687.4601,2673339.954,Open data
北區-公有-大湖停車場,公共建設,停車場地,,,217429.1874,2671487.676,Open data
北區-公有-福音停車場,公共建設,停車場地,,,217611.7205,2671314.488,Open data
北區-公有-東欣-停167機車停車場,公共建設,停車場地,,,217277.9508,2672010.768,Open data
北區-公有-中華停車場,公共建設,停車場地,,,217276.484,2671372.845,Open data
北區-公有-光大停車場,公共建設,停車場地,,,217043.0712,2671515.145,Open data
西區-公有-美村停車場,公共建設,停車場地,,,215598.0767,2670727.801,Open data
西區-公有-交通局大樓附屬平面停車場,公共建設,停車場地,,,217244.039,2670522.352,Open data
西屯區-公有-福安停車場,公共建設,停車場地,,,210987.3484,2675661.508,Open data
西屯區-公有-大福停車場,公共建設,停車場地,,,216156.2776,2674673.64,Open data
西屯區-公有-何厝停車場,公共建設,停車場地,,,214790.836,2673077.704,Open data
西屯區-公有-大墩停車場,公共建設,停車場地,,,214209.8495,2672370.344,Open data
西屯區-公有-太原停車場,公共建設,停車場地,,,215379.8608,2672936.711,Open data
西屯區-公有-文修停車場,公共建設,停車場地,,,213699.8156,2675593.405,Open data
西屯區-公有-秋紅谷平面停車場,公共建設,停車場地,,,213440.6028,2673563.988,Open data
西屯區-公有-福恩停車場,公共建設,停車場地,,,210854.202,2675273.133,Open data
西屯區-公有-潮洋臨時平面停車場,公共建設,停車場地,,,213931.6243,2674858.53,Open data
東區-公有-東峰停車場,公共建設,停車場地,,,217981.6082,2668585.859,Open data
東區-公有-精武廣場停車場,公共建設,停車場地,,,218160.2482,2671198.069,Open data
東勢區-公所-停一停車場,公共建設,停車場地,,,232627.0636,2683759.864,Open data
東勢區-公所-停七停車場,公共建設,停車場地,,,232180.1547,2683644.13,Open data
東勢區-客委會-停九停車場,公共建設,停車場地,,,232900.8683,2683473.792,Open data
東勢區-公所-停二停車場,公共建設,停車場地,,,232565.1748,2682974.713,Open data
東勢區-公所-綜合立體停車場,公共建設,停車場地,,,232596.1275,2683373.38,Open data
東勢區-公所-停十停車場,公共建設,停車場地,,,232819.0701,2683006.521,Open data
東勢區-公所-停三停車場,公共建設,停車場地,,,233174.3578,2682913.063,Open data
東勢區-公所-停五停車場,公共建設,停車場地,,,232949.5971,2681778.132,Open data
東勢區-公所-停六停車場,公共建設,停車場地,,,233586.4424,2679248.937,Open data
東勢區-公所-停四停車場,公共建設,停車場地,,,233843.6889,2682164.713,Open data
東勢區-公所-細停停車場,公共建設,停車場地,,,232718.7023,2683969.072,Open data
南屯區-公有-(停116)楓樹停車場,公共建設,停車場地,,,212481.2288,2668105.329,Open data
南屯區-公有-文心森林公園附屬機車停車場,公共建設,停車場地,,,213953.1241,2671314.423,Open data
南屯區-公有(捷運文心森林公園站)-惠文停車場,公共建設,停車場地,,,213953.1914,2671341.003,Open data
烏日區-公所-烏日區停七停車場,公共建設,停車場地,,,212080.3689,2666442.909,Open data
烏日區-公有-烏日區廣停七停車場,公共建設,停車場地,,,211078.6629,2668185.509,Open data
烏日區-公有-烏日區廣兼停二停車場,公共建設,停車場地,,,210200.662,2666822.369,Open data
烏日區-公有-烏日區廣停八停車場,公共建設,停車場地,,,210966.9421,2668220.147,Open data
烏日區-公有-烏日區廣兼停三停車場,公共建設,停車場地,,,209662.3795,2667005.514,Open data
烏日區-公有-烏日區廣兼停五停車場,公共建設,停車場地,,,208799.3485,2667376.784,Open data
烏日區-公有-烏日區廣兼停六停車場,公共建設,停車場地,,,208443.7951,2667460.879,Open data
烏日區-公有-烏日區廣兼停四停車場,公共建設,停車場地,,,209398.3514,2667105.939,Open data
烏日區-公所-烏日區廣停一停車場,公共建設,停車場地,,,211501.8869,2666812.152,Open data
神岡區-公所-廣停一停車場,公共建設,停車場地,,,215619.3503,2683704.559,Open data
神岡區-公所-廣停二停車場,公共建設,停車場地,,,215345.2263,2683717.41,Open data
新社區-公所-中興嶺停車場及旅客服務中心,公共建設,停車場地,,,229308.0641,2677669.686,Open data
新社區-公所-廣停1停車場,公共建設,停車場地,,,230532.8495,2681905.287,Open data
潭子區-公所-潭子區停四停車場,公共建設,停車場地,,,220257.4713,2677814.236,Open data
龍井區-公所-龍井區停二停車場,公共建設,停車場地,,,201769.1286,2677684.486,Open data
豐原區-衛生局-西安停車場,公共建設,停車場地,,,220947.6447,2682490.963,Open data
豐原區-經發局-社皮地下停車場,公共建設,停車場地,,,219972.4884,2682347.911,Open data
豐原區-公有-陽明大樓第二平面停車場,公共建設,停車場地,,,221769.6168,2682210.206,Open data
豐原區-公有-陽明大樓西側路外停車場,公共建設,停車場地,,,221607.585,2682433.142,Open data
豐原區-公有-陽明大樓後側平面停車場,公共建設,停車場地,,,221587.0002,2682295.85,Open data
西屯區-公有-朝馬停車場,公共建設,停車場地,,,213015.5324,2674217.415,Open data
西屯區-公有-協和停車場,公共建設,停車場地,,,211553.7986,2674739.613,Open data
西屯區-公有-福順停車場 ,公共建設,停車場地,,,212123.4541,2674992.813,Open data
西屯區-公有-西屯細廣兼停7停車場,公共建設,停車場地,,,212747.3025,2672670.913,Open data
西屯區-公有-(細停)麗澤國小校門左側停車場,公共建設,停車場地,,,210715.9692,2676722.157,Open data
西屯區-榮總-臺中榮總醫院4號門立體停車場,公共建設,停車場地,,,209757.9866,2675649.431,Open data
西屯區-榮總-臺中榮總醫院門診立體停車場,公共建設,停車場地,,,209645.4785,2675385.052,Open data
北區-公有-(廣停)停車場,公共建設,停車場地,,,216038.6035,2672198.626,Open data
北區-公有-育樂停車場,公共建設,停車場地,,,218600.1677,2672520.566,Open data
北屯區-公有-(機130)經補庫停車場,公共建設,停車場地,,,222760.4009,2674627.332,Open data
北屯區-公有-(細廣停3)麗園停車場,公共建設,停車場地,,,222959.7698,2672609.072,Open data
北屯區-公有-(細廣停1)東山停車場,公共建設,停車場地,,,222943.1891,2674576.038,Open data
北屯區-公有-廣兼停23平面停車場(仁和公園停車場),公共建設,停車場地,,,218180.533,2675721.103,Open data
南屯區-公有-南屯區廣兼停（細三）停車場,公共建設,停車場地,,,212155.0009,2671574.926,Open data
南屯區-公有-南屯區廣兼停（細四）停車場,公共建設,停車場地,,,211807.7326,2670926.849,Open data
南屯區-公有-南屯區廣兼停（細五）停車場,公共建設,停車場地,,,211796.0481,2670359.833,Open data
南屯區-公有-南屯區廣兼停(細六)停車場,公共建設,停車場地,,,212141.4397,2670296.889,Open data
豐原區-公所-橫街尾停車場,公共建設,停車場地,,,221323.9706,2682788.119,Open data
大雅區-公所-停四停車場,公共建設,停車場地,,,215112.8805,2680077.541,Open data
豐原區-公有-停二停車場,公共建設,停車場地,,,221749.3954,2682254.547,Open data
潭子區-公所-潭子區停2停車場,公共建設,停車場地,,,220252.3551,2680218.667,Open data
大肚區-公所-停二停車場,公共建設,停車場地,,,205866.0523,2668858.564,Open data
大肚區-公所-大肚區火車站前停車場,公共建設,停車場地,,,203630.3164,2672130.654,Open data
后里區-公所-后里區停四停車場,公共建設,停車場地,,,221397.6035,2689070.962,Open data
石岡-公有-(停1)石岡壩公園小型停車場,公共建設,停車場地,,,226457.3007,2685987.14,Open data
清水區-公有-(細停市2)台中港特定區停車場,公共建設,停車場地,,,203051.876,2684658.807,Open data
清水區-公有-(細停市8)台中港特定區停車場,公共建設,停車場地,,,202870.3745,2685037.083,Open data
清水區-公有-(停市9)台中港特定區停車場,公共建設,停車場地,,,203366.2448,2684541.475,Open data
清水區-公有-(細停市3)台中港特定區停車場,公共建設,停車場地,,,203589.9493,2684641.526,Open data
清水區-公有-(停市1)台中港特定區停車場,公共建設,停車場地,,,202698.036,2685116.294,Open data
梧棲區-公有-(細停市7)台中港特定區停車場,公共建設,停車場地,,,202278.2695,2684081.039,Open data
梧棲區-公有-(停市10)頂寮西停車場,公共建設,停車場地,,,202786.6936,2684300.844,Open data
梧棲區-公有-(停市5)台中港特定區停車場,公共建設,停車場地,,,203142.0054,2684280.835,Open data
后里區-台糖-月眉觀光糖場停車場,公共建設,停車場地,,,218922.6497,2689819.343,Open data
大里區-公所-臺中軟體園區旁停車場,公共建設,停車場地,,,219070.9092,2664672.863,Open data
大里區-公所-無名稱停車場(仁美段168-1地號),公共建設,停車場地,,,220120.8778,2665971.939,Open data
大甲區-生管-(停3)鐵砧山風景特定區停車場,公共建設,停車場地,,,214053.2221,2694718.478,Open data
大甲區-風管-(停4)鐵砧山風景特定區停車場,公共建設,停車場地,,,214500.0453,2694876.832,Open data
大甲區-風管-(停7)鐵砧山風景特定區停車場,公共建設,停車場地,,,214103.1959,2694421.529,Open data
東勢區-公所-細廣停一停車場,公共建設,停車場地,,,232444.8217,2684183.159,Open data
東勢區-公所-東勢區(細廣停)停車場,公共建設,停車場地,,,233194.5205,2682790.105,Open data
和平-(停3)梨山文物陳列館停車場,公共建設,停車場地,,,275022.3768,2681678.107,Open data
和平-(停4)觀光局參山國家風景區管理處梨山管理站停車場,公共建設,停車場地,,,276055.2098,2683311.343,Open data
和平-(停5)觀光局參山國家風景區管理處梨山管理站停車場,公共建設,停車場地,,,276136.3973,2683335.858,Open data
和平區-公所-和平區公所第二停車場,公共建設,停車場地,,,238234.2565,2674351.376,Open data
潭子區-公所-潭子區停三停車場,公共建設,停車場地,,,220023.2006,2677513.484,Open data
梧棲區-公有-停59,公共建設,停車場地,,,202291.0942,2681859.26,Open data
霧峰區-公所-本堂里多功能停車場,公共建設,停車場地,,,219206.3726,2661480.763,Open data
豐原區-林管處-東勢林區管理處前停車場,公共建設,停車場地,,,221719.1829,2682380.865,Open data
西屯區-BOT-福星立體停車場,公共建設,停車場地,,,214032.3686,2674519.374,Open data
北屯區-建設局-(細廣停1)停車場,公共建設,停車場地,,,218487.302,2676614.185,Open data
大雅區-公所-停三停車場,公共建設,停車場地,,,214209.7418,2680391.006,Open data
新社區-公所-停二停車場,公共建設,停車場地,,,230553.386,2682070.279,Open data
梧棲區-公所-大智路停車場,公共建設,停車場地,,,203079.2746,2683735.023,Open data
梧棲區-公有-(細停市6)頂寮北停車場,公共建設,停車場地,,,203282.708,2683841.782,Open data
梧棲區-公所-(停57)大興停車場,公共建設,停車場地,,,204706.5779,2681389.489,Open data
中區-民營-台灣聯通第一廣場停車場,公共建設,停車場地,,,217884.1495,2670443.368,Open data
西屯區-民營-新力停車場,公共建設,停車場地,,,213535.0101,2674716.672,Open data
南區-民營-中山醫學大學附設醫院地下停車場,公共建設,停車場地,,,214494.8631,2668485.584,Open data
西屯區-民營-新國自在地下停車場,公共建設,停車場地,,,214087.959,2672391.694,Open data
北區-民營-中國醫藥大學附設醫院停車場(立體停車塔),公共建設,停車場地,,,217492.5412,2672528.591,Open data
西屯區-世貿-台中世界貿易中心平面停車場,公共建設,停車場地,,,211004.6865,2674574.981,Open data
中區-民營-冠都汽機車停車場,公共建設,停車場地,,,217011.349,2670982.506,Open data
西區-民營-Times台中西區民族路停車場,公共建設,停車場地,,,216636.0445,2671292.376,Open data
龍井區-民營-Times台中東海夜市停車場,公共建設,停車場地,,,208293.6706,2675202.891,Open data
西屯區-民營-裕元花園酒店停車場,公共建設,停車場地,,,211767.6713,2674927.315,Open data
西屯區-民營-北一街停車場,公共建設,停車場地,,,213882.0703,2675349.286,Open data
西屯區-民營-二少停車場(第一場),公共建設,停車場地,,,213820.8828,2675259.733,Open data
西屯區-民營-二少停車場(第二場),公共建設,停車場地,,,213780.1133,2675208.891,Open data
西屯區-民營-車王停車場,公共建設,停車場地,,,214004.3335,2675485.201,Open data
沙鹿區-民營-Times沙鹿四平街停車場,公共建設,停車場地,,,205345.4567,2681093.964,Open data
沙鹿區-民營-沙鹿區農會停車場,公共建設,停車場地,,,205163.0443,2681218.585,Open data
北屯區-民營-台灣聯通台中崇德停車場,公共建設,停車場地,,,217982.8094,2673638.314,Open data
南屯區-民營-嘟嘟房台中公益站停車場,公共建設,停車場地,,,214563.8801,2671711.594,Open data
北區-公有-育強停車場,公共建設,停車場地,,,218722.0293,2672483.75,Open data
北區-民營-中國醫藥大學五權立體停車場,公共建設,停車場地,,,217948.9626,2672145.465,Open data
潭子區-臺鐵-潭子車站法定停車場,公共建設,停車場地,,,220096.6161,2678608.663,Open data
豐原區-臺鐵-火車站東站機車停車場,公共建設,停車場地,,,221852.5172,2683046.219,Open data
北區-民營-Times台中青島路停車場,公共建設,停車場地,,,216866.5411,2674261.079,Open data
西屯區-民營-順天經貿廣場停車場,公共建設,停車場地,,,214170.2058,2672769.149,Open data
南屯區-民營-五都嶺東停車場,公共建設,停車場地,,,210555.7015,2670215.915,Open data
東區-公有-立德平面停車場,公共建設,停車場地,,,218238.5464,2669851.164,Open data
烏日區-公有-學田停車場,公共建設,停車場地,,,210134.0253,2668440.633,Open data
豐原區-公有-豐原區社會住宅預定地臨時停車場,公共建設,停車場地,,,222015.4604,2683286.228,Open data
西屯區-民營-TIGER CITY停車場,公共建設,停車場地,,,213287.5112,2673303.008,Open data
潭子區-公有-潭子國民暨兒童運動中心B2,公共建設,停車場地,,,219710.0818,2678351.431,Open data
北區-文化局-中山堂南側平面停車場,公共建設,停車場地,,,217827.2653,2672255.383,Open data
西屯區-公有-東興立體停車場,公共建設,停車場地,,,214880.5939,2672390.823,Open data
北屯區-公有-軍功停車場,公共建設,停車場地,,,221562.6212,2675196.723,Open data
北屯區-公有-松榮停車場,公共建設,停車場地,,,221308.6105,2675190.589,Open data
北屯區-公有-軍福停車場,公共建設,停車場地,,,221084.2794,2674791.232,Open data
清水區-公有-牛罵頭停車場,公共建設,停車場地,,,206768.4976,2684818.636,Open data
西區-公有-自立停車場,公共建設,停車場地,,,216644.3416,2670496.057,Open data
東區-公有-忠孝停車場 ,公共建設,停車場地,,,218523.0404,2669809.555,Open data
豐原區-公所-環北站停車場,公共建設,停車場地,,,221467.8934,2683661.663,Open data
南區-公有(捷運大慶站)-大慶停車場,公共建設,停車場地,,,214382.8821,2668418.306,Open data
南區-公有-崇倫公園附設停車場,公共建設,停車場地,,,215270.7228,2669853.662,Open data
南區-公有-國資圖停車場,公共建設,停車場地,,,216600.9797,2669341.026,Open data
北區-公有-忠明路臨時停車場,公共建設,停車場地,,,216742.192,2673225.844,Open data
西屯區-民營-鼎盛BHW台灣中心廣場停車場,公共建設,停車場地,,,213134.7758,2673181.576,Open data
豐原區-公有-葫蘆墩圳平面停車場3,公共建設,停車場地,,,221629.3075,2683138.589,Open data
豐原區-公有-田心路平面停車場,公共建設,停車場地,,,221899.7086,2681240.868,Open data
豐原區-公有-中陽路平面停車場,公共建設,停車場地,,,223232.8002,2682674.739,Open data
豐原區-公所-富春國小地下停車場,公共建設,停車場地,,,220918.3835,2683076.902,Open data
豐原區-公有-葫蘆墩圳平面停車場4,公共建設,停車場地,,,221558.0257,2683037.947,Open data
豐原區-公有-葫蘆墩圳平面停車場5,公共建設,停車場地,,,221446.3197,2683033.742,Open data
豐原區-公有-葫蘆墩圳平面停車場6,公共建設,停車場地,,,221344.5932,2682943.131,Open data
豐原區-公有-葫蘆墩圳平面停車場7,公共建設,停車場地,,,221313.8386,2682799.215,Open data
豐原區-公有-葫蘆墩圳平面停車場8,公共建設,停車場地,,,221333.9054,2682679.562,Open data
豐原區-公有-葫蘆墩圳平面停車場9,公共建設,停車場地,,,221364.0869,2682539.954,Open data
北區-公有-健行停車場,公共建設,停車場地,,,216710.8137,2672843.825,Open data
北屯區-公有-民俗公園地下停車場,公共建設,停車場地,,,218228.3175,2674373.152,Open data
南屯區-公有(捷運水安宮站)-水安宮地下停車場,公共建設,停車場地,,,214056.673,2672075.023,Open data
西屯區-民營-大遠百地下停車場,公共建設,停車場地,,,213906.9631,2673148.585,Open data
西區-觀旅局-草悟廣場地下停車場,公共建設,停車場地,,,215935.5803,2671612.999,Open data
北屯區-公有-景賢停車場 ,公共建設,停車場地,,,222636.3822,2673538.889,Open data
北屯區-公有-(細廣兼停2)長富停車場,公共建設,停車場地,,,220160.5373,2675190.738,Open data
北區-民營-中友停車場,公共建設,停車場地,,,217968.9552,2671998.121,Open data
潭子-公所-環中東路一段台74快速道路下停車場,公共建設,停車場地,,,220368.0677,2677266.892,Open data
南屯區-公有(捷運豐樂公園站)-豐樂停車場,公共建設,停車場地,,,213826.6672,2669541.615,Open data
北區-公有-中賓停車場,公共建設,停車場地,,,217827.1927,2672223.265,Open data
東區-公有-一心停車場,公共建設,停車場地,,,219723.774,2670470.348,Open data
東區-公有-東英停車場,公共建設,停車場地,,,219714.1856,2670740.6,Open data
北區-公有-建成停車場,公共建設,停車場地,,,219422.6731,2672238.575,Open data
北區-公有-武昌停車場,公共建設,停車場地,,,216286.3576,2673828.297,Open data
西區-公有-柳川廣十地下停車場,公共建設,停車場地,,,216644.7593,2670674.365,Open data
南屯區-公有-文昌停車場,公共建設,停車場地,,,213015.7623,2670396.483,Open data
南區-公有-南平停車場,公共建設,停車場地,,,216050.7929,2668786.358,Open data
北屯區-公有-中平停車場,公共建設,停車場地,,,215843.4856,2675580.337,Open data
大甲區-公所-文武停車場,公共建設,停車場地,,,212121.7482,2693330.244,Open data
大甲區-公所-經國路停車場,公共建設,停車場地,,,211444.9848,2694459.56,Open data
大甲區-公所-停三停車場,公共建設,停車場地,,,211837.4384,2693259.02,Open data
大里區-公所-廣兼停五停車場,公共建設,停車場地,,,218413.4887,2666238.095,Open data
大里區-公所-國立興大附中地下停車場,公共建設,停車場地,,,217866.387,2667073.267,Open data
大里區-公所-崇光停車場,公共建設,停車場地,,,218111.8852,2667752.723,Open data
大里區-公所-廣兼停八停車場,公共建設,停車場地,,,218220.7508,2666427.906,Open data
大里區-公所-廣兼停六停車場,公共建設,停車場地,,,217064.6793,2667674.257,Open data
大里區-公所-立新社區停車場,公共建設,停車場地,,,219228.0716,2666828.828,Open data
大里區-公所-立元停車場,公共建設,停車場地,,,219298.0336,2666271.604,Open data
大里區-公所-仁堤停車場,公共建設,停車場地,,,219460.0965,2665992.165,Open data
大里區-公所-公六公園停車場,公共建設,停車場地,,,216810.2297,2667538.623,Open data
大里區-公所-國光公園停車場,公共建設,停車場地,,,217197.5137,2667971.869,Open data
大里區-公所-鳥竹圍公園停車場,公共建設,停車場地,,,218214.5896,2668224.291,Open data
大里區-公所-大新停車場,公共建設,停車場地,,,217386.2988,2666068.743,Open data
大雅區-公所-停六停車場,公共建設,停車場地,,,216085.4446,2679048.509,Open data
大雅區-公所-中清雅潭停車場,公共建設,停車場地,,,214278.6708,2679531.393,Open data
西區-公有-大益立體停車場,公共建設,停車場地,,,215091.213,2671256.211,Open data
東區-公有-精武東停車場,公共建設,停車場地,,,220305.1531,2671462.557,Open data
東區-公有-南京立體停車場,公共建設,停車場地,,,218575.5675,2670583.587,Open data
東區-公有-大智停車場,公共建設,停車場地,,,218279.9463,2670185.539,Open data
西區-公有-雙龍停車場,公共建設,停車場地,,,216169.3729,2671635.699,Open data
南屯區-公有-精科停車場,公共建設,停車場地,,,208313.3092,2671503.704,Open data
西屯區-公有-馬龍潭停車場,公共建設,停車場地,,,212412.3066,2672801.373,Open data
北屯區-公有-敦化停車場,公共建設,停車場地,,,215772.3039,2675553.928,Open data
西屯區-民營-新光三越百貨股份有限公司台中中港分公司停車場,公共建設,停車場地,,,213774.9917,2673198.759,Open data
北屯區-公有(捷運四維國小站)-三光停車場,公共建設,停車場地,,,219151.5293,2673728.761,Open data
東區-公有-三賢停車場,公共建設,停車場地,,,220659.9526,2671029.894,Open data
東區-公有-旱溪停車場,公共建設,停車場地,,,220516.9018,2670658.067,Open data
后里區-公所-三光路小型停車場,公共建設,停車場地,,,220748.0985,2689116.593,Open data
后里區-公所-復興街旱溝加蓋停車場,公共建設,停車場地,,,221570.2128,2689100.517,Open data
西屯區-公有-(停71)漢口立體停車場,公共建設,停車場地,,,215716.3426,2673413.235,Open data
南屯區-公有(捷運豐樂公園站)-豐功停車場,公共建設,停車場地,,,213857.9629,2669858.284,Open data
西區-民營-廣三SOGO停車場,公共建設,停車場地,,,215591.6462,2672271.689,Open data
大里區-公所-仁興停車場,公共建設,停車場地,,,217441.4655,2667966.88,Open data
大里區-公所-德芳興停車場,公共建設,停車場地,,,217265.5216,2666600.622,Open data
西區-公有-林森停車場,公共建設,停車場地,,,216826.0475,2669966.243,Open data
西區-公有-光明停車場,公共建設,停車場地,,,216978.1044,2669794.226,Open data
北區-公有-金華停車場,公共建設,停車場地,,,218660.6556,2672301.146,Open data
西區-公有-土庫停車場,公共建設,停車場地,,,215191.5461,2670726.574,Open data
北屯區-公有-雷中停車場,公共建設,停車場地,,,216360.9569,2675295.579,Open data
南區-公有-健康公園地下停車場,公共建設,停車場地,,,216171.5445,2668271.079,Open data
西區-公有-民龍停車場,公共建設,停車場地,,,216495.3361,2671959.429,Open data
北屯區-公有-新平停車場,公共建設,停車場地,,,215589.4672,2675569.875,Open data
北屯區-公有-新平公園附屬停車場,公共建設,停車場地,,,215711.7655,2675727.955,Open data
西屯區-公有-惠安停車場 ,公共建設,停車場地,,,213632.7578,2673209.09,Open data
西屯區-民營-城市車旅-惠來站停車場,公共建設,停車場地,,,213805.1602,2673074.64,Open data
西屯區-公有-惠新停車場,公共建設,停車場地,,,213653.2844,2673288.778,Open data
大里區-公所-國光花市停車場,公共建設,停車場地,,,217834.7483,2666567.209,Open data
北區-獎參-中正公園地下停車場,公共建設,停車場地,,,217624.5769,2672498.387,Open data
南區-公有-樹德停車場,公共建設,停車場地,,,214839.7456,2668193.454,Open data
南區-公有-德義停車場,公共建設,停車場地,,,217190.2863,2669247.734,Open data
南區-公有-城隍停車場,公共建設,停車場地,,,217423.8697,2669163.027,Open data
南區-公有-健康公園附設停車場,公共建設,停車場地,,,216436.2799,2668460.945,Open data
南區-公有-復興停車場,公共建設,停車場地,,,217099.7935,2669674.333,Open data
烏日區-公所-烏日區停三停車場,公共建設,停車場地,,,213321.564,2666796.281,Open data
烏日區-公有(捷運烏日站)-烏日區停八停車場,公共建設,停車場地,,,212194.6255,2667358.517,Open data
南屯區-公有-三塊厝停車場,公共建設,停車場地,,,212591.7025,2671464.128,Open data
南屯區-公有-新厝停車場,公共建設,停車場地,,,212275.9976,2671214.662,Open data
南屯區-公有-文心森林公園附屬停車場,公共建設,停車場地,,,213779.9801,2671166.456,Open data
南屯區-公有-南屯停車場 ,公共建設,停車場地,,,213453.7289,2670761.939,Open data
南屯區-公有-大新停車場 ,公共建設,停車場地,,,214716.1986,2671663.593,Open data
南屯區-公有-大進停車場,公共建設,停車場地,,,214449.7644,2670779.353,Open data
太平區-公有-坪林森林附屬停車場,公共建設,停車場地,,,222866.1117,2671454.122,Open data
豐原區-公所-廣兼停二停車場,公共建設,停車場地,,,221008.575,2682491.946,Open data
南屯區-公有-錢嶺停車場,公共建設,停車場地,,,208995.6231,2671993.461,Open data
西屯區-公有(捷運市政府站)-市政公園停車場,公共建設,停車場地,,,214149.7568,2672719.362,Open data
西屯區-公有(捷運市政府站)-市政公園停車場,公共建設,停車場地,,,213845.2571,2672858.573,Open data
北屯區-公有-(廣兼停7)南興停車場,公共建設,停車場地,,,220454.7462,2674984.126,Open data
南屯區-公有-大墩國中地下停車場,公共建設,停車場地,,,213312.6439,2671227.458,Open data
西屯區-BOT-星享道公有停車場,公共建設,停車場地,,,213942.9703,2675325.874,Open data
豐原區-公所-北陽路停車場,公共建設,停車場地,,,222715.4356,2682943.746,Open data
西屯區-民營-NTC國家商貿中心地下停車場,公共建設,停車場地,,,213053.7665,2673290.323,Open data
西區-國美館-國美館美術園區停車場,公共建設,停車場地,,,215658.7296,2670592.538,Open data
西區-國美館-國美館民生園區停車場,公共建設,停車場地,,,215984.5349,2670835.408,Open data
南屯區-民營-文心秀泰停車場,公共建設,停車場地,,,213938.286,2669468.237,Open data
南區-公有-建國北停車場,公共建設,停車場地,,,214596.5985,2668520.772,Open data
東區-公有-舊建國市場臨時停車場,公共建設,停車場地,,,218138.2026,2670429.508,Open data
大里區-公有-大里運動公園地下停車場,公共建設,停車場地,,,217854.2194,2666185.077,Open data
北區-科博-科博館第一停車場,公共建設,停車場地,,,215947.712,2672435.852,Open data
北區-科博-科博館第二停車場,公共建設,停車場地,,,216252.6585,2672472.78,Open data
北區-科博-科博館第三停車場,公共建設,停車場地,,,216191.7557,2672501.72,Open data
沙鹿區-民航局-臺中航空站停車場,公共建設,停車場地,,,209251.0494,2683086.836,Open data
西屯區-公有-中央公園南側停車場,公共建設,停車場地,,,214946.9194,2674562.497,Open data
西屯區-公有-中央公園北側停車場,公共建設,停車場地,,,214434.4619,2676849.69,Open data
中區-公有-大誠立體停車場,公共建設,停車場地,,,217407.9468,2671087.913,Open data
西區-公有-府後街地下停車場,公共建設,停車場地,,,216978.9287,2670149.734,Open data
南屯區-公有-南屯國小地下停車場,公共建設,停車場地,,,213229.0504,2670340.555,Open data
西區-公有-忠明公園地下停車場,公共建設,停車場地,,,215459.1231,2672100.345,Open data
西屯區-公有-惠順停車場,公共建設,停車場地,,,213429.6357,2673250.588,Open data
北屯區-公有-臺中市中央公園地下停車場,公共建設,停車場地,,,215273.811,2675281.581,Open data
西屯區-民營-城市車旅-大墩站停車場,公共建設,停車場地,,,214485.7572,2672984.323,Open data
北屯區-公有-江興停車場,公共建設,停車場地,,,219140.1331,2673159.525,Open data
西屯區-公有-河南停車場 ,公共建設,停車場地,,,215676.8072,2673872.949,Open data
西屯區-公有-忠義停車場,公共建設,停車場地,,,215188.5534,2673657.063,Open data
西屯區-公有-櫻花停車場  ,公共建設,停車場地,,,214640.4658,2673903.176,Open data
西屯區-公有-上安停車場 ,公共建設,停車場地,,,213411.3135,2674028.113,Open data
西屯區-公有-大鵬停車場,公共建設,停車場地,,,216023.8388,2674525.549,Open data
西屯區-公有-同心停車場,公共建設,停車場地,,,213210.3192,2674886.959,Open data
西屯區-公有-弘孝停車場 ,公共建設,停車場地,,,214335.9175,2674014.688,Open data
北區-公有-臺中公園地下停車場,公共建設,停車場地,,,217774.0102,2671175.681,Open data
大肚區-公所-大肚地下停車場,公共建設,停車場地,,,203893.6592,2671859.561,Open data
西屯區-民營-城市車旅-市政站停車場,公共建設,停車場地,,,213458.5862,2672653.563,Open data
北區-公有-雙十國中地下停車場,公共建設,停車場地,,,218598.9334,2671961.276,Open data
北屯區-公有-(細廣停2)太和停車場,公共建設,停車場地,,,222086.8716,2673125.749,Open data
太平區-公所-新平立體停車場,公共建設,停車場地,,,221138.7214,2671578.238,Open data
太平區-公所-中興立體停車場,公共建設,停車場地,,,221571.6506,2669545.095,Open data
太平區-公所-育賢停車場,公共建設,停車場地,,,221415.0751,2672556.717,Open data
西屯區-公有(捷運市政府站)-臺灣大道市政大樓附屬地下停車場,公共建設,停車場地,,,214282.4627,2672959.359,Open data
北屯區-民營-臺中洲際棒球場立體停車場,公共建設,停車場地,,,217959.8238,2676963.125,Open data
北屯區-中捷-捷運北屯總站轉乘停車場,公共建設,停車場地,,,220405.9252,2675934.474,Open data
北屯區-中捷-捷運四維國小站轉乘停車場,公共建設,停車場地,,,218826.9104,2673972.015,Open data
北屯區-中捷-捷運文心崇德站轉乘停車場,公共建設,停車場地,,,217983.8618,2674105.682,Open data
北屯區-中捷-捷運文心中清站轉乘停車場,公共建設,停車場地,,,216582.0782,2674276.143,Open data
西屯區-中捷-捷運文華高中站轉乘停車場,公共建設,停車場地,,,215484.2183,2674066.123,Open data
西屯區-中捷-捷運文心櫻花站轉乘停車場,公共建設,停車場地,,,214822.8079,2673679.006,Open data
南屯區-中捷-捷運水安宮站轉乘停車場,公共建設,停車場地,,,214056.6786,2672077.238,Open data
南屯區-中捷-捷運南屯站轉乘停車場,公共建設,停車場地,,,214174.8869,2670591.764,Open data
南屯區-中捷-捷運豐樂公園站轉乘停車場,公共建設,停車場地,,,214091.4503,2669746.943,Open data
南區-中捷-捷運大慶站轉乘停車場,公共建設,停車場地,,,214209.7331,2668280.301,Open data
北屯區-公有-(細停1)同榮停車場,公共建設,停車場地,,,215897.7701,2677032.164,Open data
東區-公有-十甲停車場,公共建設,停車場地,,,219927.608,2670739.04,Open data
太平區-公所-長億停車場,公共建設,停車場地,,,221650.4985,2668306.75,Open data
太平區-公所-新光廣兼停一停車場,公共建設,停車場地,,,220217.0216,2673054.231,Open data
太平區-公所-新光廣兼停四停車場,公共建設,停車場地,,,221838.4402,2670822.625,Open data
太平區-公所-新光廣停八停車場,公共建設,停車場地,,,221130.7319,2672649.214,Open data
太平區-公所-平安廣場停車場,公共建設,停車場地,,,221701.8129,2668553.621,Open data
東區-民營-大魯閣新時代購物中心地下停車場,公共建設,停車場地,,,218300.044,2670082.496,Open data
西區-民營-台灣聯通勤美誠品停車場,公共建設,停車場地,,,215875.179,2671852.366,Open data
西屯區-民營-台灣聯通台中青海停車場,公共建設,停車場地,,,213969.8061,2673888.247,Open data
西屯區-民營-台灣聯通台中大墩停車場,公共建設,停車場地,,,214840.5948,2672653.402,Open data
北屯區-公有-天祥停車場,公共建設,停車場地,,,218966.9139,2672941.723,Open data
沙鹿區-公所-竹林北溪平面停車場,公共建設,停車場地,,,205814.7131,2681762.554,Open data
沙鹿區-公所-竹林南溪平面停車場,公共建設,停車場地,,,205306.185,2681522.706,Open data
西區-公有-萬壽棒球場附屬地下停車場,公共建設,停車場地,,,214440.8794,2671291.046,Open data
北屯區-公有-(廣停5)祥和停車場,公共建設,停車場地,,,221680.3618,2673098.865,Open data
北屯區-公有-中興網球附設停車場,公共建設,停車場地,,,217080.2085,2674387.947,Open data
北區-公有-新興停車場,公共建設,停車場地,,,217977.4927,2671276.005,Open data
西區-公有-藍興停車場,公共建設,停車場地,,,216337.9508,2669865.497,Open data
北區-公有-東欣停車場,公共建設,停車場地,,,217389.801,2672039.306,Open data
北屯區-公有-昌和公園附設停車場,公共建設,停車場地,,,218291.2993,2675277.85,Open data
豐原區-公有-陽明大樓地下停車場,公共建設,停車場地,,,221709.037,2682385.315,Open data
西屯區-公有-惠來立體停車場,公共建設,停車場地,,,213367.4497,2672777.839,Open data
北屯區-公有-天津停車場,公共建設,停車場地,,,217546.3982,2673864.128,Open data
北區-公有-山西停車場,公共建設,停車場地,,,217099.7554,2674053.432,Open data
北屯區-公有-松竹停車場,公共建設,停車場地,,,217803.0591,2675028.649,Open data
北屯區-公有-仁德停車場,公共建設,停車場地,,,218272.8519,2676116.28,Open data
豐原區-公有-大明路中興停車場,公共建設,停車場地,,,220387.8229,2681863.05,Open data
烏日區-公所-九德停車場,公共建設,停車場地,,,213710.3057,2667752.174,Open data
烏日區-公所-烏日區停二停車場,公共建設,停車場地,,,213058.0956,2667123.676,Open data
東區-公有-干城立體停車場,公共建設,停車場地,,,218281.4858,2670876.621,Open data
大甲區-公所-文昌國小地下停車場,公共建設,停車場地,,,211939.886,2693620.91,Open data
西屯區-公有-國豐停車場,公共建設,停車場地,,,210704.8512,2676375.532,Open data
西屯區-公有-細停二停車場,公共建設,停車場地,,,214375.9058,2673753.214,Open data
西屯區-公有-下石碑停車場,公共建設,停車場地,,,215749.7425,2674623.669,Open data
西屯區-公有-銀聯三村停車場,公共建設,停車場地,,,215269.3792,2673467.48,Open data
西屯區-公有-朝富停車場,公共建設,停車場地,,,213247.0406,2673370.671,Open data
東區-公有-信心停車場,公共建設,停車場地,,,219743.0087,2669956.424,Open data
北區-公有-金龍停車場,公共建設,停車場地,,,218111.7919,2672250.312,Open data
北區-公有-中德停車場,公共建設,停車場地,,,216407.344,2673428.198,Open data
西區-公有-吉龍停車場,公共建設,停車場地,,,215626.1575,2669729.866,Open data
西區-公有-貴和停車場,公共建設,停車場地,,,216531.7541,2670159.638,Open data
西區-公有-廣民停車場,公共建設,停車場地,,,216817.0348,2670460.213,Open data
西區-公有-平和停車場,公共建設,停車場地,,,216726.0594,2670671.96,Open data
南屯區-公有-黎明停車場,公共建設,停車場地,,,212450.5478,2671889.786,Open data
南屯區-公有-馬祖停車場,公共建設,停車場地,,,210371.9534,2669927.363,Open data
南屯區-公有-春安停車場,公共建設,停車場地,,,210128.5257,2670107.46,Open data
北屯區-公有-(廣兼停8)竹興停車場,公共建設,停車場地,,,220067.3139,2674343.688,Open data
